{
    "weekday": "Sunday",
    "activations": {
        "Pensionate f21375b0-b734-46ed-ac8f-c77bbb1f1a19": [
            {
                "appliance": "Dishwasher GE GTS5550SCS",
                "interval": [
                    {
                        "at": 19
                    }
                ]
            },
            {
                "appliance": "Oven Bosch HBN3551UC",
                "interval": [
                    {
                        "at": 15
                    }
                ]
            },
            {
                "appliance": "Washing machine GE GTD42PASMVH",
                "interval": [
                    {
                        "at": 13
                    }
                ]
            },
            {
                "appliance": "Vacuum Dirt Devil SB700 AccuCharge Cordless Stick",
                "interval": [
                    {
                        "at": 10
                    }
                ]
            }
        ],
        "Pensionate 82e84f94-3d26-42d6-8c03-fc721185546f": [
            {
                "appliance": "Dishwasher Maytag MDB8959SKW",
                "interval": [
                    {
                        "at": 23
                    }
                ]
            },
            {
                "appliance": "Oven Bosch HBN3551UC",
                "interval": [
                    {
                        "at": 14
                    }
                ]
            },
            {
                "appliance": "Washing machine Electrolux EFLS617SI",
                "interval": [
                    {
                        "at": 13
                    }
                ]
            },
            {
                "appliance": "Vacuum Hoover ONEPWR Cordless Reach",
                "interval": [
                    {
                        "at": 4
                    }
                ]
            }
        ],
        "Family 4f889ed3-af08-43f4-a703-018342da07a8": [
            {
                "appliance": "Dishwasher Maytag MDB8959SKW",
                "interval": [
                    {
                        "at": 23
                    }
                ]
            },
            {
                "appliance": "Oven Electrolux EI30BF01",
                "interval": [
                    {
                        "at": 12
                    }
                ]
            },
            {
                "appliance": "Washing machine Whirlpool WTW79ES7HZ",
                "interval": [
                    {
                        "at": 10
                    }
                ]
            },
            {
                "appliance": "Vacuum Ecovacs DEEBOT Ozmo T8 AIVI",
                "interval": [
                    {
                        "at": 4
                    },
                    {
                        "at": 10
                    }
                ]
            },
            {
                "appliance": "Electric car Fiat 500e 3+1 24 kWh",
                "interval": [
                    {
                        "start": 2,
                        "end": 5
                    }
                ]
            }
        ],
        "Pensionate fae625ff-bc85-40ce-aa5a-a3b7afae82e4": [
            {
                "appliance": "Dishwasher Haier HDI-2T52FSS",
                "interval": [
                    {
                        "at": 18
                    }
                ]
            },
            {
                "appliance": "Oven Maytag MEC8800FZ",
                "interval": [
                    {
                        "at": 12
                    }
                ]
            },
            {
                "appliance": "Washing machine Electrolux EFLS617SI",
                "interval": [
                    {
                        "at": 11
                    }
                ]
            },
            {
                "appliance": "Vacuum Black+Decker DUSTBUSTER Handheld",
                "interval": [
                    {
                        "at": 8
                    }
                ]
            }
        ],
        "Family e9a852ae-4917-450e-8a68-f3d02db2f373": [
            {
                "appliance": "Dishwasher Haier HDI-2T52FSS",
                "interval": [
                    {
                        "at": 20
                    }
                ]
            },
            {
                "appliance": "Oven Whirlpool WOC5ER150",
                "interval": [
                    {
                        "at": 12
                    }
                ]
            },
            {
                "appliance": "Washing machine LG WM3900HVA",
                "interval": [
                    {
                        "start": 12,
                        "end": 13
                    }
                ]
            },
            {
                "appliance": "Vacuum Samsung Jet Bot AI+",
                "interval": [
                    {
                        "at": 4
                    },
                    {
                        "at": 10
                    }
                ]
            },
            {
                "appliance": "Electric car Dacia Spring Electric 45",
                "interval": [
                    {
                        "start": 1,
                        "end": 5
                    }
                ]
            }
        ],
        "Family 4856f86e-f79a-4782-864d-a77c4b19464f": [
            {
                "appliance": "Dishwasher Electrolux ESF6175PW",
                "interval": [
                    {
                        "at": 23
                    }
                ]
            },
            {
                "appliance": "Oven Electrolux EI30BF01",
                "interval": [
                    {
                        "at": 12
                    }
                ]
            },
            {
                "appliance": "Washing machine Kenmore 79092",
                "interval": [
                    {
                        "at": 10
                    }
                ]
            },
            {
                "appliance": "Vacuum Hoover ONEPWR Cordless Reach",
                "interval": [
                    {
                        "at": 4
                    },
                    {
                        "at": 10
                    }
                ]
            },
            {
                "appliance": "Electric car Mini Cooper E",
                "interval": [
                    {
                        "start": 2,
                        "end": 5
                    }
                ]
            }
        ],
        "Pensionate 3d397780-7990-4c86-ad0f-dd43cc4ae41d": [
            {
                "appliance": "Dishwasher Bosch SMS40E08EU",
                "interval": [
                    {
                        "at": 20
                    }
                ]
            },
            {
                "appliance": "Oven GE Cafe CGB715SKSS",
                "interval": [
                    {
                        "at": 13
                    }
                ]
            },
            {
                "appliance": "Washing machine Electrolux EFLS617SI",
                "interval": [
                    {
                        "at": 15
                    }
                ]
            },
            {
                "appliance": "Vacuum BISSELL CrossWave Pet Pro",
                "interval": [
                    {
                        "at": 4
                    }
                ]
            }
        ],
        "Pensionate 13739990-26ac-4e7d-a28b-46fe46b0376d": [
            {
                "appliance": "Dishwasher GE GTS5550SCS",
                "interval": [
                    {
                        "at": 19
                    }
                ]
            },
            {
                "appliance": "Oven Whirlpool WOC5ER150",
                "interval": [
                    {
                        "at": 13
                    }
                ]
            },
            {
                "appliance": "Washing machine Kenmore 79092",
                "interval": [
                    {
                        "start": 12,
                        "end": 13
                    }
                ]
            },
            {
                "appliance": "Vacuum Bissell PowerEdge Slim Lightweight",
                "interval": [
                    {
                        "at": 8
                    }
                ]
            }
        ],
        "Young Couple 0047c671-bc6a-4204-b8e3-481ee18286a7": [
            {
                "appliance": "Dishwasher Kenmore 66513",
                "interval": [
                    {
                        "at": 15
                    }
                ]
            },
            {
                "appliance": "Oven Whirlpool WOC5ER150",
                "interval": [
                    {
                        "at": 12
                    }
                ]
            },
            {
                "appliance": "Washing machine GE GTD42PASMVH",
                "interval": [
                    {
                        "at": 10
                    }
                ]
            },
            {
                "appliance": "Vacuum Dirt Devil SB700 AccuCharge Cordless Stick",
                "interval": [
                    {
                        "start": 19,
                        "end": 20
                    }
                ]
            },
            {
                "appliance": "Electric car Renault Twingo Electric",
                "interval": [
                    {
                        "start": 2,
                        "end": 5
                    }
                ]
            }
        ],
        "Family c35db476-e0e5-4fd7-8eb1-91c3c8c03530": [
            {
                "appliance": "Dishwasher Bosch SMS40E08EU",
                "interval": [
                    {
                        "at": 20
                    }
                ]
            },
            {
                "appliance": "Oven Bosch HBN3551UC",
                "interval": [
                    {
                        "at": 12
                    }
                ]
            },
            {
                "appliance": "Washing machine Whirlpool WTW79ES7HZ",
                "interval": [
                    {
                        "at": 10
                    }
                ]
            },
            {
                "appliance": "Vacuum BISSELL CrossWave Pet Pro",
                "interval": [
                    {
                        "at": 4
                    },
                    {
                        "at": 10
                    }
                ]
            },
            {
                "appliance": "Electric car Mazda MX-30",
                "interval": [
                    {
                        "start": 1,
                        "end": 5
                    }
                ]
            }
        ],
        "Pensionate aae41720-ddcb-4747-b709-eebaf8537447": [
            {
                "appliance": "Dishwasher Samsung DW80M9550US",
                "interval": [
                    {
                        "at": 20
                    }
                ]
            },
            {
                "appliance": "Oven Whirlpool WOC5ER150",
                "interval": [
                    {
                        "at": 13
                    }
                ]
            },
            {
                "appliance": "Washing machine Whirlpool WTW79ES7HZ",
                "interval": [
                    {
                        "at": 13
                    }
                ]
            },
            {
                "appliance": "Vacuum Samsung Jet Bot AI+",
                "interval": [
                    {
                        "at": 10
                    }
                ]
            }
        ],
        "Young Couple 54234c3c-3eb2-45a4-84a7-a3bab9f4373c": [
            {
                "appliance": "Dishwasher Maytag MDB8959SKW",
                "interval": [
                    {
                        "at": 14
                    }
                ]
            },
            {
                "appliance": "Oven Maytag MEC8800FZ",
                "interval": [
                    {
                        "at": 12
                    }
                ]
            },
            {
                "appliance": "Washing machine Samsung WF4&BBM9040AP",
                "interval": [
                    {
                        "at": 12
                    }
                ]
            },
            {
                "appliance": "Vacuum Hoover ONEPWR Cordless Reach",
                "interval": [
                    {
                        "at": 19
                    }
                ]
            },
            {
                "appliance": "Electric car Fiat 500e 3+1 24 kWh",
                "interval": [
                    {
                        "at": 0
                    },
                    {
                        "start": 2,
                        "end": 5
                    }
                ]
            }
        ],
        "Young Couple f12ef8a4-45f7-4e9b-a9e1-efb892317c87": [
            {
                "appliance": "Dishwasher Electrolux ESF6175PW",
                "interval": [
                    {
                        "at": 14
                    }
                ]
            },
            {
                "appliance": "Oven Samsung NE59N5950SS",
                "interval": [
                    {
                        "at": 13
                    }
                ]
            },
            {
                "appliance": "Washing machine Electrolux EFLS617SI",
                "interval": [
                    {
                        "at": 12
                    }
                ]
            },
            {
                "appliance": "Vacuum Shark NV391",
                "interval": [
                    {
                        "at": 18
                    }
                ]
            },
            {
                "appliance": "Electric car Mini Cooper E",
                "interval": [
                    {
                        "start": 1,
                        "end": 5
                    }
                ]
            }
        ],
        "Family 53fb5b2c-01d5-4ee7-acd5-e3b03b33f565": [
            {
                "appliance": "Dishwasher Electrolux ESF6175PW",
                "interval": [
                    {
                        "at": 19
                    }
                ]
            },
            {
                "appliance": "Oven Samsung NE59N5950SS",
                "interval": [
                    {
                        "at": 12
                    }
                ]
            },
            {
                "appliance": "Washing machine KitchenAid KTLX1042AC",
                "interval": [
                    {
                        "at": 12
                    }
                ]
            },
            {
                "appliance": "Vacuum Roborock S7",
                "interval": [
                    {
                        "at": 4
                    },
                    {
                        "at": 10
                    }
                ]
            },
            {
                "appliance": "Electric car Renault Twingo Electric",
                "interval": [
                    {
                        "start": 3,
                        "end": 5
                    }
                ]
            }
        ],
        "Young Couple 766c73cc-c4e8-41cd-8ea7-9775ac3ebd72": [
            {
                "appliance": "Dishwasher Maytag MDB8959SKW",
                "interval": [
                    {
                        "at": 14
                    }
                ]
            },
            {
                "appliance": "Oven Electrolux EI30BF01",
                "interval": [
                    {
                        "at": 12
                    }
                ]
            },
            {
                "appliance": "Washing machine Electrolux EFLS617SI",
                "interval": [
                    {
                        "at": 12
                    }
                ]
            },
            {
                "appliance": "Vacuum BISSELL CrossWave Pet Pro",
                "interval": [
                    {
                        "at": 10
                    }
                ]
            },
            {
                "appliance": "Electric car Fiat 500e 3+1 24 kWh",
                "interval": [
                    {
                        "start": 2,
                        "end": 5
                    }
                ]
            }
        ],
        "Family 6f707263-a2da-4df8-b38e-bd3c50dcb705": [
            {
                "appliance": "Dishwasher Electrolux ESF6175PW",
                "interval": [
                    {
                        "at": 20
                    }
                ]
            },
            {
                "appliance": "Oven Samsung NE59N5950SS",
                "interval": [
                    {
                        "at": 12
                    }
                ]
            },
            {
                "appliance": "Washing machine Whirlpool WTW79ES7HZ",
                "interval": [
                    {
                        "at": 13
                    }
                ]
            },
            {
                "appliance": "Vacuum Ecovacs DEEBOT Ozmo T8 AIVI",
                "interval": [
                    {
                        "at": 4
                    },
                    {
                        "at": 10
                    }
                ]
            },
            {
                "appliance": "Electric car Dacia Spring Electric 45",
                "interval": [
                    {
                        "start": 1,
                        "end": 5
                    }
                ]
            }
        ],
        "Family a5d9f6fa-1289-4a76-815a-e7adf7abdcf2": [
            {
                "appliance": "Dishwasher Kenmore 66513",
                "interval": [
                    {
                        "at": 20
                    }
                ]
            },
            {
                "appliance": "Oven LG LREL6386D",
                "interval": [
                    {
                        "at": 13
                    }
                ]
            },
            {
                "appliance": "Washing machine Haier HLC1700EMFW",
                "interval": [
                    {
                        "start": 12,
                        "end": 13
                    }
                ]
            },
            {
                "appliance": "Vacuum Dyson V8 Absolute",
                "interval": [
                    {
                        "at": 4
                    },
                    {
                        "at": 10
                    }
                ]
            },
            {
                "appliance": "Electric car Renault Twingo Electric",
                "interval": [
                    {
                        "start": 2,
                        "end": 5
                    }
                ]
            }
        ],
        "Pensionate d48fc575-8ea1-4681-8f0a-ded0141b471a": [
            {
                "appliance": "Dishwasher Electrolux ESF6175PW",
                "interval": [
                    {
                        "at": 19
                    }
                ]
            },
            {
                "appliance": "Oven Electrolux EI30BF01",
                "interval": [
                    {
                        "at": 13
                    }
                ]
            },
            {
                "appliance": "Washing machine Samsung WF4&BBM9040AP",
                "interval": [
                    {
                        "start": 12,
                        "end": 13
                    }
                ]
            },
            {
                "appliance": "Vacuum Samsung Jet Bot AI+",
                "interval": [
                    {
                        "at": 4
                    }
                ]
            }
        ],
        "Young Couple bef98dcc-def6-488d-8127-b263f4fa75a6": [
            {
                "appliance": "Dishwasher GE GTS5550SCS",
                "interval": [
                    {
                        "start": 14,
                        "end": 15
                    }
                ]
            },
            {
                "appliance": "Oven GE Cafe CGB715SKSS",
                "interval": [
                    {
                        "at": 13
                    }
                ]
            },
            {
                "appliance": "Washing machine Samsung WF4&BBM9040AP",
                "interval": [
                    {
                        "at": 12
                    }
                ]
            },
            {
                "appliance": "Vacuum Dirt Devil SB700 AccuCharge Cordless Stick",
                "interval": [
                    {
                        "at": 20
                    }
                ]
            },
            {
                "appliance": "Electric car Mini Cooper E",
                "interval": [
                    {
                        "start": 1,
                        "end": 5
                    }
                ]
            }
        ],
        "Young Couple 41cd9aad-10b6-4b6c-85d4-2dc47a778582": [
            {
                "appliance": "Dishwasher LG LDFN4542TM",
                "interval": [
                    {
                        "at": 15
                    }
                ]
            },
            {
                "appliance": "Oven Maytag MEC8800FZ",
                "interval": [
                    {
                        "at": 12
                    }
                ]
            },
            {
                "appliance": "Washing machine GE GTD42PASMVH",
                "interval": [
                    {
                        "at": 12
                    }
                ]
            },
            {
                "appliance": "Vacuum Ecovacs DEEBOT Ozmo T8 AIVI",
                "interval": [
                    {
                        "at": 19
                    }
                ]
            },
            {
                "appliance": "Electric car Renault Twingo Electric",
                "interval": [
                    {
                        "start": 2,
                        "end": 5
                    }
                ]
            }
        ],
        "Young Couple 4b67d2d3-6cc7-456e-b262-3fac6c3e886c": [
            {
                "appliance": "Dishwasher Haier HDI-2T52FSS",
                "interval": [
                    {
                        "at": 14
                    }
                ]
            },
            {
                "appliance": "Oven Kenmore Elite 50363",
                "interval": [
                    {
                        "at": 13
                    }
                ]
            },
            {
                "appliance": "Washing machine Whirlpool WTW79ES7HZ",
                "interval": [
                    {
                        "at": 10
                    }
                ]
            },
            {
                "appliance": "Vacuum Bissell PowerEdge Slim Lightweight",
                "interval": [
                    {
                        "at": 19
                    }
                ]
            },
            {
                "appliance": "Electric car Renault Twingo Electric",
                "interval": [
                    {
                        "start": 2,
                        "end": 5
                    }
                ]
            }
        ]
    },
    "bess_activations": {
        "BESS": [
            {
                "at": 0,
                "amount": "-6027.999798594222 W"
            },
            {
                "at": 1,
                "amount": "-1287.000201405779 W"
            },
            {
                "at": 8,
                "amount": "+6979.514538904024 W"
            },
            {
                "at": 9,
                "amount": "+19153.325884160146 W"
            },
            {
                "at": 10,
                "amount": "+18367.89156477269 W"
            },
            {
                "at": 11,
                "amount": "+25890.231300861626 W"
            },
            {
                "at": 12,
                "amount": "-3544.937927092571 W"
            },
            {
                "at": 13,
                "amount": "+204.41479294869683 W"
            },
            {
                "at": 14,
                "amount": "+6212.542454692801 W"
            },
            {
                "at": 15,
                "amount": "+67.3569452030406 W"
            },
            {
                "at": 16,
                "amount": "-2564.654444564698 W"
            },
            {
                "at": 17,
                "amount": "-21910.3455554353 W"
            },
            {
                "at": 18,
                "amount": "-4655.0 W"
            },
            {
                "at": 19,
                "amount": "-8745.0 W"
            },
            {
                "at": 20,
                "amount": "-12635.0 W"
            },
            {
                "at": 21,
                "amount": "-4005.0 W"
            },
            {
                "at": 22,
                "amount": "-4005.0 W"
            },
            {
                "at": 23,
                "amount": "-7700.0 W"
            }
        ]
    }
}