{
    "weekday": "Thursday",
    "activations": {
        "Pensionate f21375b0-b734-46ed-ac8f-c77bbb1f1a19": [],
        "Pensionate 82e84f94-3d26-42d6-8c03-fc721185546f": [],
        "Family 4f889ed3-af08-43f4-a703-018342da07a8": [],
        "Pensionate fae625ff-bc85-40ce-aa5a-a3b7afae82e4": [],
        "Family e9a852ae-4917-450e-8a68-f3d02db2f373": [],
        "Family 4856f86e-f79a-4782-864d-a77c4b19464f": [],
        "Pensionate 3d397780-7990-4c86-ad0f-dd43cc4ae41d": [],
        "Pensionate 13739990-26ac-4e7d-a28b-46fe46b0376d": [],
        "Young Couple 0047c671-bc6a-4204-b8e3-481ee18286a7": [],
        "Family c35db476-e0e5-4fd7-8eb1-91c3c8c03530": [],
        "Pensionate aae41720-ddcb-4747-b709-eebaf8537447": [],
        "Young Couple 54234c3c-3eb2-45a4-84a7-a3bab9f4373c": [],
        "Young Couple f12ef8a4-45f7-4e9b-a9e1-efb892317c87": [],
        "Family 53fb5b2c-01d5-4ee7-acd5-e3b03b33f565": [],
        "Young Couple 766c73cc-c4e8-41cd-8ea7-9775ac3ebd72": [],
        "Family 6f707263-a2da-4df8-b38e-bd3c50dcb705": [],
        "Family a5d9f6fa-1289-4a76-815a-e7adf7abdcf2": [],
        "Pensionate d48fc575-8ea1-4681-8f0a-ded0141b471a": [],
        "Young Couple bef98dcc-def6-488d-8127-b263f4fa75a6": [],
        "Young Couple 41cd9aad-10b6-4b6c-85d4-2dc47a778582": [],
        "Young Couple 4b67d2d3-6cc7-456e-b262-3fac6c3e886c": []
    },
    "bess_activations": {
        "BESS": [
            {
                "at": 0,
                "amount": "-14630.0 W"
            },
            {
                "at": 4,
                "amount": "+1934.4967652800092 W"
            },
            {
                "at": 5,
                "amount": "-1745.8833306651359 W"
            },
            {
                "at": 6,
                "amount": "+2498.329940012623 W"
            },
            {
                "at": 7,
                "amount": "+19723.583497349064 W"
            },
            {
                "at": 8,
                "amount": "+41054.84991854146 W"
            },
            {
                "at": 9,
                "amount": "+60306.645584759244 W"
            },
            {
                "at": 10,
                "amount": "-111534.02656894796 W"
            },
            {
                "at": 11,
                "amount": "-7.428834678399915e-12 W"
            },
            {
                "at": 11,
                "amount": "+61540.0 W"
            },
            {
                "at": 12,
                "amount": "+58016.52864232643 W"
            },
            {
                "at": 13,
                "amount": "-107795.40121297905 W"
            },
            {
                "at": 14,
                "amount": "+60788.72847470075 W"
            },
            {
                "at": 15,
                "amount": "-3.3733726922946516e-10 W"
            },
            {
                "at": 15,
                "amount": "+46815.21257380708 W"
            },
            {
                "at": 16,
                "amount": "-2.9102091540467162e-11 W"
            },
            {
                "at": 16,
                "amount": "+28018.001280735356 W"
            },
            {
                "at": 17,
                "amount": "+10157.153641149373 W"
            },
            {
                "at": 18,
                "amount": "-22621.81390727853 W"
            },
            {
                "at": 19,
                "amount": "-35703.0 W"
            },
            {
                "at": 20,
                "amount": "-45359.186092721866 W"
            },
            {
                "at": 21,
                "amount": "-6903.0 W"
            },
            {
                "at": 22,
                "amount": "-6452.999999999638 W"
            },
            {
                "at": 23,
                "amount": "-15400.0 W"
            }
        ]
    }
}