{
    "weekday": "Wednesday",
    "activations": {
        "Pensionate f21375b0-b734-46ed-ac8f-c77bbb1f1a19": [],
        "Pensionate 82e84f94-3d26-42d6-8c03-fc721185546f": [],
        "Family 4f889ed3-af08-43f4-a703-018342da07a8": [],
        "Pensionate fae625ff-bc85-40ce-aa5a-a3b7afae82e4": [],
        "Family e9a852ae-4917-450e-8a68-f3d02db2f373": [],
        "Family 4856f86e-f79a-4782-864d-a77c4b19464f": [],
        "Pensionate 3d397780-7990-4c86-ad0f-dd43cc4ae41d": [],
        "Pensionate 13739990-26ac-4e7d-a28b-46fe46b0376d": [],
        "Young Couple 0047c671-bc6a-4204-b8e3-481ee18286a7": [],
        "Family c35db476-e0e5-4fd7-8eb1-91c3c8c03530": [],
        "Pensionate aae41720-ddcb-4747-b709-eebaf8537447": [],
        "Young Couple 54234c3c-3eb2-45a4-84a7-a3bab9f4373c": [],
        "Young Couple f12ef8a4-45f7-4e9b-a9e1-efb892317c87": [],
        "Family 53fb5b2c-01d5-4ee7-acd5-e3b03b33f565": [],
        "Young Couple 766c73cc-c4e8-41cd-8ea7-9775ac3ebd72": [],
        "Family 6f707263-a2da-4df8-b38e-bd3c50dcb705": [],
        "Family a5d9f6fa-1289-4a76-815a-e7adf7abdcf2": [],
        "Pensionate d48fc575-8ea1-4681-8f0a-ded0141b471a": [],
        "Young Couple bef98dcc-def6-488d-8127-b263f4fa75a6": [],
        "Young Couple 41cd9aad-10b6-4b6c-85d4-2dc47a778582": [],
        "Young Couple 4b67d2d3-6cc7-456e-b262-3fac6c3e886c": []
    },
    "bess_activations": {
        "BESS": [
            {
                "at": 0,
                "amount": "-21945.0 W"
            },
            {
                "at": 4,
                "amount": "+8485.91426115719 W"
            },
            {
                "at": 6,
                "amount": "-6788.0 W"
            },
            {
                "at": 7,
                "amount": "-870.5376206943783 W"
            },
            {
                "at": 8,
                "amount": "+25712.681538040077 W"
            },
            {
                "at": 9,
                "amount": "+70130.46059028977 W"
            },
            {
                "at": 10,
                "amount": "-1.446096575818956e-10 W"
            },
            {
                "at": 10,
                "amount": "+101386.53040471126 W"
            },
            {
                "at": 11,
                "amount": "-130083.26200395454 W"
            },
            {
                "at": 12,
                "amount": "+65845.14406286378 W"
            },
            {
                "at": 13,
                "amount": "-6.36197480352767e-11 W"
            },
            {
                "at": 13,
                "amount": "+74598.75761829755 W"
            },
            {
                "at": 14,
                "amount": "+22972.271348353068 W"
            },
            {
                "at": 15,
                "amount": "+2332.8380983359584 W"
            },
            {
                "at": 16,
                "amount": "-3744.2119513113744 W"
            },
            {
                "at": 17,
                "amount": "-4128.0 W"
            },
            {
                "at": 18,
                "amount": "-27803.0 W"
            },
            {
                "at": 19,
                "amount": "-119175.78804868866 W"
            },
            {
                "at": 20,
                "amount": "-5003.0 W"
            },
            {
                "at": 21,
                "amount": "-10003.0 W"
            },
            {
                "at": 22,
                "amount": "-5703.0 W"
            },
            {
                "at": 23,
                "amount": "-23100.0 W"
            }
        ]
    }
}